epoch,train_total,test_total,train_recon,test_recon,train_kl,test_kl
0,275.7555598449707,138.98364929199218,247.94762603759764,114.12343627929687,27.80793215543032,24.860211029052735
1,125.25595809936523,116.908232421875,106.79109237670899,98.89327575683593,18.46486536026001,18.014957580566406
