epoch,train_recon,test_recon
0,0.0056681093,0.0058597224
