model_type,optimal_k,inertia,silhouette,ch_index
basic,4,172.2545928955078,0.39213860034942627,1363.2860320191542
